[
  {
    "word": "apple",
    "phonetic": "/ˈæpəl/",
    "fragments": ["ap", "ple"]
  },
  {
    "word": "banana",
    "phonetic": "/bəˈnɑːnə/",
    "fragments": ["ba", "na", "na"]
  },
  {
    "word": "orange",
    "phonetic": "/ˈɒrɪndʒ/",
    "fragments": ["o", "range"]
  },
  {
    "word": "apricot",
    "phonetic": "/ˈeɪprɪkɒt/",
    "fragments": ["a", "pri", "cot"]
  },
  {
    "word": "strawberry",
    "phonetic": "/ˈstrɔːbəri/",
    "fragments": ["straw", "ber", "ry"]
  },
  {
    "word": "pineapple",
    "phonetic": "/ˈpaɪnæpəl/",
    "fragments": ["pine", "ap", "ple"]
  },
  {
    "word": "watermelon",
    "phonetic": "/ˈwɔːtəˌmelən/",
    "fragments": ["wa", "ter", "mel", "on"]
  },
  {
    "word": "mango",
    "phonetic": "/ˈmæŋɡəʊ/",
    "fragments": ["man", "go"]
  },
  {
    "word": "kiwi",
    "phonetic": "/ˈkiːwiː/",
    "fragments": ["ki", "wi"]
  },
  {
    "word": "plum",
    "phonetic": "/plʌm/",
    "fragments": ["plum"]
  },
  {
    "word": "nectarine",
    "phonetic": "/ˈnektəriːn/",
    "fragments": ["nec", "ta", "rine"]
  },
  {
    "word": "cherry",
    "phonetic": "/ˈtʃeri/",
    "fragments": ["cher", "ry"]
  },
  {
    "word": "lemon",
    "phonetic": "/ˈlemən/",
    "fragments": ["le", "mon"]
  },
  {
    "word": "coconut",
    "phonetic": "/ˈkəʊkənʌt/",
    "fragments": ["co", "co", "nut"]
  },
  {
    "word": "papaya",
    "phonetic": "/pəˈpaɪə/",
    "fragments": ["pa", "pa", "ya"]
  },
  {
    "word": "blueberry",
    "phonetic": "/ˈbluːbəri/",
    "fragments": ["blue", "ber", "ry"]
  },
  {
    "word": "raspberry",
    "phonetic": "/ˈrɑːzbəri/",
    "fragments": ["rasp", "ber", "ry"]
  },
  {
    "word": "avocado",
    "phonetic": "/ˌævəˈkɑːdəʊ/",
    "fragments": ["a", "vo", "ca", "do"]
  },
  {
    "word": "pomegranate",
    "phonetic": "/ˈpɒmɪɡrænɪt/",
    "fragments": ["pom", "e", "gran", "ate"]
  },
  {
    "word": "blackberry",
    "phonetic": "/ˈblækbəri/",
    "fragments": ["black", "ber", "ry"]
  }
]